{
    "total_runtime": 205.2871332168579,
    "num_documents": 1,
    "input_load_time": 0,
    "workflows": {
        "create_base_text_units": {
            "overall": 0.4155452251434326,
            "0_orderby": 0.006801128387451172,
            "1_zip": 0.008752584457397461,
            "2_aggregate_override": 0.011729955673217773,
            "3_chunk": 0.26268959045410156,
            "4_select": 0.014511346817016602,
            "5_unroll": 0.006629228591918945,
            "6_rename": 0.006874799728393555,
            "7_genid": 0.012671232223510742,
            "8_unzip": 0.007982492446899414,
            "9_copy": 0.007579803466796875,
            "10_filter": 0.06365609169006348
        },
        "create_base_extracted_entities": {
            "overall": 85.71790957450867,
            "0_entity_extract": 85.57461547851562,
            "1_merge_graphs": 0.13530731201171875
        },
        "create_summarized_entities": {
            "overall": 11.582515478134155,
            "0_summarize_descriptions": 11.556267023086548
        },
        "create_base_entity_graph": {
            "overall": 0.36994385719299316,
            "0_cluster_graph": 0.33696556091308594,
            "1_select": 0.015821218490600586
        },
        "create_final_entities": {
            "overall": 4.219521522521973,
            "0_unpack_graph": 0.1838672161102295,
            "1_rename": 0.011481046676635742,
            "2_select": 0.021590232849121094,
            "3_dedupe": 0.019952058792114258,
            "4_rename": 0.030931472778320312,
            "5_filter": 0.0663905143737793,
            "6_text_split": 0.08696961402893066,
            "7_drop": 0.05530238151550293,
            "8_merge": 0.23200726509094238,
            "9_text_embed": 3.389824390411377,
            "10_drop": 0.023006916046142578,
            "11_filter": 0.08185219764709473
        },
        "create_final_nodes": {
            "overall": 3.6108481884002686,
            "0_layout_graph": 0.5099899768829346,
            "1_unpack_graph": 1.082139253616333,
            "2_unpack_graph": 0.6427285671234131,
            "3_filter": 0.19770503044128418,
            "4_drop": 0.043885231018066406,
            "5_select": 0.4748976230621338,
            "6_rename": 0.20405316352844238,
            "7_convert": 0.31117701530456543,
            "8_join": 0.07108449935913086,
            "9_rename": 0.039208412170410156
        },
        "create_final_communities": {
            "overall": 2.5355212688446045,
            "0_unpack_graph": 0.1799483299255371,
            "1_unpack_graph": 0.37172579765319824,
            "2_aggregate_override": 0.057512521743774414,
            "3_join": 0.08980846405029297,
            "4_join": 0.06351327896118164,
            "5_concat": 0.037153005599975586,
            "6_filter": 0.8951117992401123,
            "7_aggregate_override": 0.053536415100097656,
            "8_join": 0.047302961349487305,
            "9_filter": 0.47248315811157227,
            "10_fill": 0.044449806213378906,
            "11_merge": 0.08278250694274902,
            "12_copy": 0.04596400260925293,
            "13_select": 0.047661542892456055
        },
        "join_text_units_to_entity_ids": {
            "overall": 0.11511778831481934,
            "0_select": 0.02764296531677246,
            "1_unroll": 0.026015758514404297,
            "2_aggregate_override": 0.03874850273132324
        },
        "create_final_relationships": {
            "overall": 0.7984042167663574,
            "0_unpack_graph": 0.1346738338470459,
            "1_filter": 0.20295023918151855,
            "2_rename": 0.0443575382232666,
            "3_filter": 0.17654204368591309,
            "4_drop": 0.041526079177856445,
            "5_compute_edge_combined_degree": 0.04891347885131836,
            "6_convert": 0.07923603057861328,
            "7_convert": 0.04325270652770996
        },
        "join_text_units_to_relationship_ids": {
            "overall": 0.1907482147216797,
            "0_select": 0.0313107967376709,
            "1_unroll": 0.03783130645751953,
            "2_aggregate_override": 0.04949665069580078,
            "3_select": 0.03498673439025879
        },
        "create_final_community_reports": {
            "overall": 87.71594095230103,
            "0_prepare_community_reports_nodes": 0.04731345176696777,
            "1_prepare_community_reports_edges": 0.05124783515930176,
            "2_restore_community_hierarchy": 0.04718661308288574,
            "3_prepare_community_reports": 0.4491386413574219,
            "4_create_community_reports": 87.03004741668701,
            "5_window": 0.0565645694732666
        },
        "create_final_text_units": {
            "overall": 0.5356638431549072,
            "0_select": 0.07218575477600098,
            "1_rename": 0.0847158432006836,
            "2_join": 0.0986948013305664,
            "3_join": 0.07744145393371582,
            "4_aggregate_override": 0.06639909744262695,
            "5_select": 0.07333970069885254
        },
        "create_base_documents": {
            "overall": 0.8991096019744873,
            "0_unroll": 0.07325530052185059,
            "1_select": 0.0950005054473877,
            "2_rename": 0.06687569618225098,
            "3_join": 0.08696269989013672,
            "4_aggregate_override": 0.07748198509216309,
            "5_join": 0.08376860618591309,
            "6_rename": 0.0681159496307373,
            "7_convert": 0.2796926498413086
        },
        "create_final_documents": {
            "overall": 0.13735556602478027,
            "0_rename": 0.07482123374938965
        }
    }
}